2.124419927597045898e+00,-3.099803924560546875e-01,-7.686928510665893555e-01,1.243299603462219238e+00,1.647709965705871582e+00,7.425069808959960938e-01,-4.763524532318115234e-01,-2.086487859487533569e-01,-7.645744681358337402e-01,-8.657893538475036621e-01
5.094242095947265625e-01,-8.028641343116760254e-01,1.034192562103271484e+00,-3.603645086288452148e+00,3.699708580970764160e-01,-1.448362618684768677e-01,8.072942495346069336e-01,1.174595355987548828e+00,1.706303000450134277e+00,-1.273184180259704590e+00
-9.421371221542358398e-01,-5.152974128723144531e-01,1.247489824891090393e-01,1.878242850303649902e+00,-1.103866457939147949e+00,1.660961270332336426e+00,-1.373171210289001465e+00,1.277172565460205078e+00,8.156937360763549805e-01,-1.004976183176040649e-01
2.369338721036911011e-01,1.156823039054870605e+00,1.696499824523925781e+00,3.755508363246917725e-01,-1.040379256010055542e-01,-2.671006321907043457e-01,1.887770652770996094e+00,-3.198740780353546143e-01,-4.401122331619262695e-01,1.644589155912399292e-01
-1.390781521797180176e+00,-9.788970947265625000e-01,1.219776272773742676e+00,1.283802032470703125e+00,-3.935427069664001465e-01,-2.252871036529541016e+00,-7.706425786018371582e-01,1.768705248832702637e+00,-3.409044444561004639e-01,-4.414160251617431641e-01
1.374818980693817139e-01,5.417789816856384277e-01,-1.597553610801696777e+00,-1.117002367973327637e+00,1.996148586273193359e+00,-2.532363176345825195e+00,3.284159004688262939e-01,8.018661737442016602e-01,-8.987014889717102051e-01,-4.706673026084899902e-01
1.931850612163543701e-01,1.172809004783630371e-01,-7.959724068641662598e-01,9.218285679817199707e-01,-1.726031780242919922e+00,4.063078463077545166e-01,-4.332425296306610107e-01,5.159928798675537109e-01,1.109120488166809082e+00,2.528646230697631836e+00
7.432594895362854004e-01,-1.684649109840393066e+00,-9.213575720787048340e-02,4.868298470973968506e-01,-5.325305089354515076e-02,6.061289310455322266e-01,-9.690521359443664551e-01,1.367544293403625488e+00,-1.133597135543823242e+00,5.305693149566650391e-01
-2.423469275236129761e-01,1.131705343723297119e-01,-1.316648125648498535e-01,-8.080783486366271973e-02,-1.795804381370544434e+00,-1.874404400587081909e-01,1.678913086652755737e-01,2.514859735965728760e-01,-5.548112988471984863e-01,-6.298887729644775391e-01
1.478002071380615234e-01,-7.914382219314575195e-02,-1.766031831502914429e-01,-3.273546099662780762e-01,8.684612512588500977e-01,2.932791113853454590e-01,-2.681751251220703125e-01,3.107737302780151367e-01,4.240489304065704346e-01,8.094130456447601318e-02
-2.981030225753784180e+00,-2.009177446365356445e+00,2.092324733734130859e+00,1.961523532867431641e+00,-2.661587715148925781e+00,-7.102552056312561035e-01,6.337411403656005859e-01,1.336211562156677246e+00,-1.197398900985717773e+00,-2.895111799240112305e+00
-7.119746208190917969e-01,1.709147453308105469e+00,3.203752636909484863e-01,4.700611114501953125e+00,-1.572318196296691895e+00,-2.223247289657592773e+00,-3.042935609817504883e+00,1.838442444801330566e+00,-2.452269196510314941e-01,-1.931616425514221191e+00
2.857327163219451904e-01,-2.078509807586669922e+00,2.384991884231567383e+00,-1.500434398651123047e+00,-2.201923370361328125e+00,-5.823034048080444336e-02,-8.566246032714843750e-01,3.162803053855895996e-01,2.198009729385375977e+00,5.574167966842651367e-01
-1.818388700485229492e-01,2.549377679824829102e-01,-2.596557855606079102e+00,1.769496947526931763e-01,-1.999458521604537964e-01,-5.875591039657592773e-01,2.774847030639648438e+00,-2.015956163406372070e+00,-3.204604864120483398e+00,-2.350605279207229614e-02
-2.005232334136962891e+00,-8.240007162094116211e-01,-5.002374649047851562e-01,8.260775208473205566e-01,-3.933581411838531494e-01,1.305256247520446777e+00,-7.035534381866455078e-01,8.320830464363098145e-01,1.041367053985595703e+00,3.278324306011199951e-01
1.782144069671630859e+00,-4.817356467247009277e-01,1.332509756088256836e+00,1.471567153930664062e-01,-1.187319874763488770e+00,-5.687565803527832031e-01,2.130196809768676758e+00,-7.405661940574645996e-01,2.593632340431213379e-01,-1.388559937477111816e+00
-1.817807853221893311e-01,-5.896657705307006836e-01,1.149675130844116211e+00,-8.883571028709411621e-01,1.508430004119873047e+00,-7.866898924112319946e-02,1.881871104240417480e+00,-1.000638723373413086e+00,1.217615842819213867e+00,-8.700394034385681152e-01
-5.664256215095520020e-02,9.183914661407470703e-01,-1.177296400070190430e+00,3.053477704524993896e-01,-5.615147948265075684e-01,-7.657330632209777832e-01,6.251987814903259277e-01,1.107760548591613770e+00,-1.313892245292663574e+00,6.146532893180847168e-01
-4.302474856376647949e-02,-4.901291728019714355e-01,-4.042216241359710693e-01,3.572244942188262939e-01,3.637251257896423340e-01,1.936947740614414215e-02,1.124949932098388672e+00,-1.849231004714965820e+00,-5.337503552436828613e-01,-2.753139436244964600e-01
2.059166431427001953e-01,-1.936028361320495605e+00,8.746452331542968750e-01,3.545248806476593018e-01,1.017909049987792969e+00,-4.119469225406646729e-01,2.297812938690185547e+00,6.697320938110351562e-01,-1.951412856578826904e-01,-1.319760084152221680e+00
1.255671620368957520e+00,2.273075103759765625e+00,-1.839935421943664551e+00,-1.000445961952209473e+00,-6.255492568016052246e-01,-8.442221283912658691e-01,-1.940893411636352539e+00,2.331469297409057617e+00,-3.796842396259307861e-01,5.906562507152557373e-02
-5.097824335098266602e-01,-1.748266816139221191e+00,-1.413744688034057617e+00,-6.340569853782653809e-01,-2.324522495269775391e+00,-4.181310534477233887e-01,-2.294791936874389648e+00,-5.531033873558044434e-01,1.830661296844482422e+00,5.342268943786621094e-01
6.219166517257690430e-01,5.580117106437683105e-01,-4.123607873916625977e-01,8.979275226593017578e-01,-1.290023446083068848e+00,6.325336694717407227e-01,-1.324303507804870605e+00,-1.080254554748535156e+00,1.033190250396728516e+00,-1.026355981826782227e+00
-1.427729725837707520e+00,-1.461773991584777832e+00,3.201512098312377930e-01,-6.046254560351371765e-02,4.259710907936096191e-01,3.652923405170440674e-01,-2.591452360153198242e+00,1.101048707962036133e+00,1.244039386510848999e-01,-1.271398186683654785e+00
5.692635178565979004e-01,3.696229755878448486e-01,2.617288112640380859e+00,6.553196310997009277e-01,-2.417932897806167603e-01,-6.666378974914550781e-01,-1.079161092638969421e-01,-7.765812426805496216e-02,1.405604362487792969e+00,-1.481064856052398682e-01
2.028810024261474609e+00,-3.417423486709594727e+00,1.730400174856185913e-01,-7.627606391906738281e-01,-7.475950568914413452e-02,-9.287383556365966797e-01,1.922273993492126465e+00,-6.042962521314620972e-02,1.444129467010498047e+00,-1.028783798217773438e+00
5.018095672130584717e-02,-3.332397937774658203e-01,-2.716336011886596680e+00,6.300691366195678711e-01,-1.359242200851440430e+00,1.611397504806518555e+00,4.684470891952514648e-01,-1.389688611030578613e+00,1.853830933570861816e+00,3.344134241342544556e-02
-1.273134469985961914e+00,-3.525541722774505615e-01,6.508059501647949219e-01,-7.798109054565429688e-01,6.199389100074768066e-01,1.878205239772796631e-01,4.084077775478363037e-01,8.524873256683349609e-01,-8.356803655624389648e-01,-3.562532424926757812e+00
2.150828123092651367e+00,-2.215187788009643555e+00,1.838425993919372559e-01,-1.021410107612609863e+00,-2.975223362445831299e-01,-1.084108829498291016e+00,1.175155043601989746e+00,-1.833153724670410156e+00,-7.243511080741882324e-02,-3.039432764053344727e-01
-2.514712572097778320e+00,-7.253752350807189941e-01,-1.110186457633972168e+00,-2.982282936573028564e-01,1.534982863813638687e-02,1.063891172409057617e+00,-5.169317722320556641e-01,-4.039618074893951416e-01,-1.207467436790466309e+00,1.566723465919494629e+00
1.201510906219482422e+00,-1.949918866157531738e-01,-2.011638879776000977e+00,-1.807804465293884277e+00,9.713062644004821777e-01,3.720526695251464844e-01,2.373707294464111328e+00,6.956052780151367188e-01,-2.862284898757934570e+00,-4.842849671840667725e-01
3.270843267440795898e+00,-1.505097627639770508e+00,2.483044117689132690e-01,8.080046176910400391e-01,-4.486152648925781250e+00,1.701305627822875977e+00,-2.154402256011962891e+00,-2.029827356338500977e+00,-3.946274984627962112e-03,-1.481609702110290527e+00
-7.765104770660400391e-01,1.424961686134338379e+00,-4.966759681701660156e-01,-2.557233273983001709e-01,1.939809918403625488e-01,3.836121797561645508e+00,-1.580226540565490723e+00,-2.504343092441558838e-01,-1.486877560615539551e+00,1.235615968704223633e+00
-2.109822034835815430e+00,8.401643037796020508e-01,3.794123232364654541e-01,9.907513856887817383e-02,1.202672004699707031e+00,-2.144891738891601562e+00,1.347300529479980469e+00,9.383335113525390625e-01,-2.263882398605346680e+00,-2.833285033702850342e-01
-8.871376514434814453e-02,9.512119889259338379e-01,1.080341577529907227e+00,4.522910118103027344e-01,-7.374466657638549805e-01,1.474926352500915527e+00,2.056720256805419922e+00,-2.525749683380126953e+00,4.910176992416381836e-01,-2.227240562438964844e+00
2.174033671617507935e-01,4.199435710906982422e-01,1.558751463890075684e+00,-1.811002492904663086e-01,9.036853909492492676e-01,-2.788304090499877930e-01,1.620083212852478027e+00,-1.435023427009582520e+00,-4.635503590106964111e-01,-1.869695901870727539e+00
6.125292778015136719e-01,-8.682757019996643066e-01,-9.629471302032470703e-01,-2.926618456840515137e-01,-5.563030242919921875e-01,4.858444929122924805e-01,-6.068920493125915527e-01,7.061428576707839966e-02,2.483816295862197876e-01,1.942095994949340820e+00
1.146420001983642578e+00,-7.095586061477661133e-01,4.830891788005828857e-01,-8.676061630249023438e-01,-1.601058602333068848e+00,-3.983152508735656738e-01,1.022565007209777832e+00,-1.231352463364601135e-01,-2.494129836559295654e-01,-1.853972673416137695e+00
1.098147749900817871e+00,9.151497483253479004e-01,-9.483542442321777344e-01,1.635244965553283691e+00,-3.145686686038970947e-01,-1.106894016265869141e+00,-4.296478927135467529e-01,7.336120605468750000e-01,2.504039704799652100e-01,-7.322242856025695801e-01
-2.783589959144592285e-01,-4.876073300838470459e-01,2.027356386184692383e+00,3.945598304271697998e-01,9.576665759086608887e-01,6.449974179267883301e-01,1.685103923082351685e-01,-8.134564757347106934e-02,2.326279729604721069e-01,9.727693349123001099e-02
2.224486917257308960e-01,3.270106315612792969e-01,-1.270900726318359375e+00,-1.153674274682998657e-01,8.129513859748840332e-01,-4.815469980239868164e-01,1.188401952385902405e-01,5.141829252243041992e-01,-1.373931288719177246e+00,7.457904815673828125e-01
1.078209400177001953e+00,-2.464691698551177979e-01,-3.871291577816009521e-01,-2.381616353988647461e+00,6.229077577590942383e-01,-1.111568450927734375e+00,4.924679100513458252e-01,1.165983915328979492e+00,7.741851210594177246e-01,-3.457911014556884766e-01
-6.512665003538131714e-02,-5.561826229095458984e-01,-4.720381796360015869e-01,-2.495680332183837891e+00,2.322446584701538086e+00,-1.160808801651000977e-01,-8.419750928878784180e-01,-2.209010839462280273e+00,-7.212891578674316406e-01,-2.699709236621856689e-01
9.397946000099182129e-01,2.804549694061279297e+00,-1.227688789367675781e+00,-9.106640219688415527e-01,4.363031685352325439e-01,-7.501948624849319458e-02,-1.662153959274291992e+00,3.205565512180328369e-01,-5.675470232963562012e-01,4.844459295272827148e-01
-1.232654333114624023e+00,-1.430889070034027100e-01,-6.582854390144348145e-01,-8.364757895469665527e-01,-3.142704725265502930e+00,-2.287018746137619019e-01,-1.172729879617691040e-01,-1.010862588882446289e-01,5.951725244522094727e-01,8.213016986846923828e-01
1.936429023742675781e+00,2.062810420989990234e+00,5.559576749801635742e-01,-2.301470518112182617e+00,-9.269953370094299316e-01,1.359944701194763184e+00,-6.162282228469848633e-01,-1.108611464500427246e+00,-3.011123239994049072e-01,5.964510440826416016e-01
-1.154273271560668945e+00,-1.274210572242736816e+00,1.526318430900573730e+00,2.061081171035766602e+00,1.148465871810913086e+00,2.235177159309387207e-01,-1.151536822319030762e+00,-2.985240221023559570e-01,-4.710911214351654053e-01,-2.773520350456237793e-01
1.305419921875000000e+00,-6.678719520568847656e-01,7.483621835708618164e-01,1.707625575363636017e-03,-7.852540016174316406e-01,-7.632161676883697510e-02,-7.493159174919128418e-01,1.472689509391784668e-01,-2.889677286148071289e-01,-9.171466529369354248e-02
2.198316335678100586e+00,5.695652365684509277e-01,1.961402058601379395e+00,8.194673061370849609e-02,-6.398748159408569336e-01,-2.812872827053070068e-01,8.416796922683715820e-01,-2.432104200124740601e-02,2.605032682418823242e+00,1.012453675270080566e+00
4.116832613945007324e-01,1.107975602149963379e+00,1.318206667900085449e+00,3.379514813423156738e-01,-1.289870440959930420e-01,6.532384157180786133e-01,-5.225715041160583496e-01,2.868302762508392334e-01,1.495499968528747559e+00,3.926866948604583740e-01
6.437292695045471191e-01,2.461868286132812500e+00,-1.151991248130798340e+00,-2.025562524795532227e+00,-8.667593598365783691e-01,2.821450471878051758e+00,6.946642398834228516e-01,1.562392115592956543e+00,-2.468031644821166992e+00,9.752001166343688965e-01
1.760214924812316895e+00,2.328892469406127930e+00,1.081471800804138184e+00,-3.234008252620697021e-01,-4.216350018978118896e-01,-2.511237263679504395e-01,-9.581047296524047852e-01,1.693196296691894531e+00,-2.196682691574096680e+00,9.522803872823715210e-02
-8.471155166625976562e-01,-5.723149701952934265e-02,-1.506975412368774414e+00,-2.537300348281860352e+00,-5.799881219863891602e-01,-2.187252283096313477e+00,-1.683214664459228516e+00,1.373447895050048828e+00,3.173075020313262939e-01,-1.065633296966552734e+00
-5.125972032546997070e-01,1.343118958175182343e-02,8.826634287834167480e-01,1.623801350593566895e+00,1.878923654556274414e+00,-2.793098926544189453e+00,-1.293424963951110840e+00,-1.066040992736816406e+00,-5.096927285194396973e-02,1.163631118834018707e-02
-3.068821668624877930e+00,6.089655160903930664e-01,1.040564417839050293e+00,3.547042846679687500e+00,-4.020832061767578125e+00,4.521660506725311279e-01,-1.046254396438598633e+00,-1.487791419029235840e+00,-4.780130386352539062e-01,-1.375639677047729492e+00
-2.380227565765380859e+00,1.080439686775207520e+00,-1.358606219291687012e+00,-3.221084356307983398e+00,1.678610205650329590e+00,-8.706408143043518066e-01,-4.172038286924362183e-02,-2.420945018529891968e-01,-9.840964525938034058e-02,8.539654612541198730e-01
-3.189117908477783203e+00,1.034643888473510742e+00,3.283489942550659180e-01,-1.467283368110656738e+00,3.596931099891662598e-01,3.980964422225952148e-01,-4.411087930202484131e-01,7.203955054283142090e-01,1.819328665733337402e+00,1.579413056373596191e+00
-2.291639745235443115e-01,-2.581446170806884766e-01,-3.697186112403869629e-01,-7.355592250823974609e-01,9.719214439392089844e-01,8.041731715202331543e-01,-1.127933621406555176e+00,6.958160400390625000e-01,1.596677303314208984e-01,-3.877601921558380127e-01
-2.683556795120239258e+00,-2.123009204864501953e+00,-3.168179988861083984e-01,-1.366752386093139648e-02,-7.997846603393554688e-01,-6.247817277908325195e-01,6.224485635757446289e-01,8.106901049613952637e-01,3.604256212711334229e-01,2.617417573928833008e-01
9.983666539192199707e-01,8.972352147102355957e-01,1.574845433235168457e+00,1.226179003715515137e-01,1.435351371765136719e-01,-3.285522460937500000e+00,-3.368403196334838867e+00,2.662421166896820068e-01,6.997480243444442749e-02,4.009338617324829102e-01
-1.874672412872314453e+00,2.067090034484863281e+00,-1.079673409461975098e+00,-7.226052284240722656e-01,8.748860955238342285e-01,2.211020290851593018e-01,1.624119162559509277e+00,-9.715653061866760254e-01,1.229603528976440430e+00,-2.307031154632568359e+00
1.075664043426513672e+00,-7.765015363693237305e-01,4.707416892051696777e-01,8.302845954895019531e-01,1.868394315242767334e-01,2.217683196067810059e-01,-4.765117764472961426e-01,-1.738831639289855957e+00,-1.007376909255981445e+00,1.014912128448486328e+00
-1.077377080917358398e+00,1.368540763854980469e+00,-2.651884794235229492e+00,1.256122350692749023e+00,-2.923339366912841797e+00,2.316669225692749023e+00,3.436779677867889404e-01,-3.288775384426116943e-01,-2.697777748107910156e+00,1.159193396568298340e+00
1.215624157339334488e-02,5.347538590431213379e-01,-8.723851442337036133e-01,1.050235390663146973e+00,1.234204649925231934e+00,-6.340290307998657227e-01,1.351197600364685059e+00,1.638857841491699219e+00,2.602767348289489746e-01,-2.825292050838470459e-01
1.054848551750183105e+00,-2.066311687231063843e-01,2.126824378967285156e+00,-2.271921634674072266e+00,9.066182374954223633e-01,9.439464807510375977e-01,-2.017045319080352783e-01,-2.800014019012451172e-01,-7.808855921030044556e-02,-8.969730734825134277e-01
1.879303216934204102e+00,-7.751679420471191406e-01,-1.705671787261962891e+00,5.112359523773193359e-01,6.609849929809570312e-01,1.329729706048965454e-01,-1.317564368247985840e+00,-1.471933841705322266e+00,4.796151816844940186e-01,-4.215793013572692871e-01
6.228329539299011230e-01,-1.863806128501892090e+00,-2.131562978029251099e-01,2.917471826076507568e-01,-3.479433357715606689e-01,1.351630687713623047e+00,8.501481413841247559e-01,-1.429254710674285889e-01,1.105970621109008789e+00,-7.509528398513793945e-01
-1.328557014465332031e+00,5.462428331375122070e-01,7.112870812416076660e-01,-1.011794447898864746e+00,-1.061865329742431641e+00,-9.170476794242858887e-01,-2.513433456420898438e+00,1.057987287640571594e-01,6.021616607904434204e-02,-2.811269164085388184e-01
-1.915576457977294922e+00,4.147749423980712891e+00,-6.388825774192810059e-01,1.168583631515502930e+00,3.094644546508789062e+00,-2.773702621459960938e+00,1.262653470039367676e+00,1.078436300158500671e-01,-1.928124547004699707e+00,-1.107894301414489746e+00
-1.830996036529541016e+00,7.433899641036987305e-01,-1.431214213371276855e+00,-7.961935997009277344e-01,2.526755094528198242e+00,-7.977843284606933594e-02,1.627785205841064453e+00,-5.149645209312438965e-01,-1.046616792678833008e+00,-3.763056695461273193e-01
2.629013955593109131e-01,-1.130891442298889160e+00,-1.251760363578796387e+00,-1.431098937988281250e+00,-1.033315539360046387e+00,1.274593174457550049e-01,-1.474167853593826294e-01,-6.348563432693481445e-01,-1.093344569206237793e+00,1.392920613288879395e+00
-1.585210919380187988e+00,-5.483016967773437500e-01,-4.176968932151794434e-01,1.418842792510986328e+00,1.111915037035942078e-01,2.410359621047973633e+00,-2.324761629104614258e+00,2.821653604507446289e+00,-3.083388507366180420e-01,3.821975588798522949e-01
-2.555143356323242188e+00,1.832181513309478760e-01,1.514100193977355957e+00,-2.388822555541992188e+00,3.824873208999633789e+00,2.750048160552978516e+00,-1.392700552940368652e+00,-3.814540505409240723e-01,-2.138267040252685547e+00,-1.977041125297546387e+00
-2.964262485504150391e+00,1.440572738647460938e-01,-3.505539000034332275e-01,8.946260213851928711e-01,4.889772236347198486e-01,-8.173847198486328125e-01,-1.654027581214904785e+00,1.507479786872863770e+00,-1.104235887527465820e+00,-4.741631150245666504e-01
1.737293720245361328e+00,1.368072390556335449e+00,7.912398576736450195e-01,-2.867294475436210632e-02,1.111618876457214355e+00,1.807255893945693970e-01,-2.940782606601715088e-01,2.131489813327789307e-01,6.141667962074279785e-01,1.175451397895812988e+00
2.659489154815673828e+00,-1.515989184379577637e+00,1.341926932334899902e+00,7.597054243087768555e-01,-2.223626852035522461e+00,1.982142210006713867e+00,-3.288539350032806396e-01,-1.838719367980957031e+00,-1.379633545875549316e+00,5.711674690246582031e-01
1.195899367332458496e+00,1.317547321319580078e+00,4.380029439926147461e-01,9.866045117378234863e-01,-6.476158276200294495e-03,1.130809783935546875e+00,-8.151541352272033691e-01,8.045638203620910645e-01,-1.550158381462097168e+00,-8.659666776657104492e-01
8.933624625205993652e-01,-2.136329650878906250e+00,-1.217602014541625977e+00,8.368112444877624512e-01,-1.393194437026977539e+00,1.866687178611755371e+00,4.119599163532257080e-01,-2.549534559249877930e+00,-1.127417087554931641e+00,-1.703443288803100586e+00
5.569003820419311523e-01,4.701741039752960205e-01,-4.945659935474395752e-01,4.730943739414215088e-01,6.399878859519958496e-01,-8.349493741989135742e-01,8.727389574050903320e-02,5.793215632438659668e-01,2.580221176147460938e+00,-2.271113872528076172e+00
-1.621608376502990723e+00,-1.091060400009155273e+00,-1.020279645919799805e+00,-8.130374550819396973e-01,1.197052001953125000e+00,6.449212431907653809e-01,-3.627305626869201660e-01,-1.089661598205566406e+00,2.664440393447875977e+00,-1.264661699533462524e-01
-1.074166178703308105e+00,4.434786140918731689e-01,-1.525393843650817871e+00,-2.551436722278594971e-01,6.296231746673583984e-01,2.023842096328735352e+00,-1.071683526039123535e+00,-2.023303508758544922e+00,-1.462098836898803711e+00,9.559392929077148438e-01
-4.002426624298095703e+00,5.606753826141357422e-01,1.187773227691650391e+00,-6.888933181762695312e-01,-5.826557278633117676e-01,-3.703190326690673828e+00,-7.490072846412658691e-01,1.602286934852600098e+00,1.453930437564849854e-01,-2.037355422973632812e+00
1.021152377128601074e+00,1.308370232582092285e+00,-4.048027098178863525e-01,1.238125205039978027e+00,2.317872285842895508e+00,-5.424230098724365234e+00,-9.032332301139831543e-01,3.813558518886566162e-01,-8.687290549278259277e-01,-2.089544773101806641e+00
-1.697332739830017090e+00,-4.464931488037109375e-01,1.763078093528747559e+00,-2.321926057338714600e-01,3.423613607883453369e-01,-7.538930177688598633e-01,1.177960395812988281e+00,-3.375685214996337891e-01,1.142588257789611816e-02,6.858691922388970852e-04
1.708066821098327637e+00,-2.953861474990844727e+00,-2.846095323562622070e+00,1.984210133552551270e+00,1.092353224754333496e+00,2.858758449554443359e+00,-5.216305255889892578e-01,-2.359890460968017578e+00,3.473827838897705078e-01,5.701094865798950195e-01
-2.651631355285644531e+00,-3.196724057197570801e-01,-3.399327993392944336e-01,1.488275051116943359e+00,6.911340951919555664e-01,1.588462948799133301e+00,-5.035334229469299316e-01,-1.035392403602600098e+00,-2.702766060829162598e-01,-3.239853382110595703e-01
4.149074256420135498e-01,1.361663579940795898e+00,1.389465093612670898e+00,1.829967975616455078e+00,2.138427257537841797e+00,-2.950064659118652344e+00,-2.527058422565460205e-01,6.550820469856262207e-01,-2.672454118728637695e-01,1.058493137359619141e+00
-1.076196074485778809e+00,2.056926250457763672e+00,-1.223303437232971191e+00,-9.322424530982971191e-01,-8.163313865661621094e-01,-2.853018939495086670e-01,-3.078620731830596924e-01,-7.966139316558837891e-01,6.258822679519653320e-01,1.424407601356506348e+00
-1.861549377441406250e+00,1.098959207534790039e+00,-1.011924386024475098e+00,1.126569867134094238e+00,5.365056991577148438e-01,1.048342347145080566e+00,-8.605262041091918945e-01,-5.812274813652038574e-01,6.141721606254577637e-01,1.095669031143188477e+00
-1.364863157272338867e+00,2.173712730407714844e+00,-1.869647622108459473e+00,3.868893682956695557e-01,9.407645463943481445e-01,4.867761209607124329e-02,3.810215592384338379e-01,-2.296917140483856201e-01,-9.414350390434265137e-01,8.655469864606857300e-02
-2.806542634963989258e+00,1.678345441818237305e+00,2.751418650150299072e-01,1.740581154823303223e+00,-5.650526881217956543e-01,-2.363163530826568604e-01,-1.360307335853576660e+00,-1.477156281471252441e+00,2.027396678924560547e+00,6.939210891723632812e-01
-1.818044930696487427e-01,-3.553204536437988281e-01,-5.505205392837524414e-01,-2.304081439971923828e+00,1.373322129249572754e+00,-2.114881277084350586e+00,4.275087416172027588e-01,-2.219462841749191284e-01,2.782611131668090820e+00,-2.369802236557006836e+00
2.770566940307617188e-01,8.179894685745239258e-01,2.016661018133163452e-01,-9.703814387321472168e-01,1.834097951650619507e-01,1.319439649581909180e+00,-4.996064305305480957e-02,-3.421006202697753906e-01,-9.751999378204345703e-01,-9.808776974678039551e-01
4.305033087730407715e-01,-1.159278631210327148e+00,1.823037743568420410e+00,-1.421040415763854980e+00,3.535425066947937012e-01,-1.036548972129821777e+00,7.905666232109069824e-01,4.368543624877929688e-01,-8.145550489425659180e-01,6.365136057138442993e-02
-5.990790128707885742e-01,1.562134861946105957e+00,-2.096073701977729797e-02,-2.251349449157714844e+00,-4.182592332363128662e-01,-1.382439613342285156e+00,-1.877026557922363281e+00,1.258962750434875488e+00,-2.467952966690063477e+00,3.153666853904724121e-01
-9.626386165618896484e-01,-1.784126996994018555e+00,-1.884718298912048340e+00,2.198945522308349609e+00,-1.010615706443786621e+00,3.311580419540405273e-01,6.377305388450622559e-01,3.877231478691101074e-01,-1.428957343101501465e+00,1.706102848052978516e+00
-7.470386624336242676e-01,8.402263522148132324e-01,3.865861333906650543e-03,1.465782284736633301e+00,5.720779299736022949e-01,-9.060351848602294922e-01,-1.531787216663360596e-01,8.211426138877868652e-01,-7.826654314994812012e-01,-1.748621091246604919e-02
-1.921587586402893066e+00,2.254332304000854492e+00,-6.553821563720703125e-01,-1.457795143127441406e+00,6.266753673553466797e-01,-2.306106567382812500e+00,-9.816640019416809082e-01,-9.007494449615478516e-01,1.554734945297241211e+00,-2.638363540172576904e-01
2.455954104661941528e-01,-1.344015836715698242e+00,-5.028080940246582031e-01,-1.407062768936157227e+00,-1.559501588344573975e-01,-4.634782075881958008e-01,8.480840921401977539e-01,1.176011800765991211e+00,-1.486963391304016113e+00,6.336899399757385254e-01
-6.243948340415954590e-01,-1.180937290191650391e+00,-3.323904275894165039e-01,3.010675907135009766e-01,-8.513205647468566895e-01,1.718134641647338867e+00,4.630941152572631836e-01,-2.014955043792724609e+00,-1.703370571136474609e+00,-4.706774652004241943e-01
-4.015119671821594238e-01,1.447906374931335449e+00,2.746590971946716309e-01,-6.532108783721923828e-01,-1.752061098814010620e-01,-6.336357593536376953e-01,-1.187433719635009766e+00,2.220454454421997070e+00,-2.587615251541137695e+00,-2.001236975193023682e-01
3.796039819717407227e-01,1.053303718566894531e+00,6.112100183963775635e-02,-5.088282749056816101e-02,-5.814806222915649414e-01,-8.475558757781982422e-01,1.066156506538391113e+00,-5.908318758010864258e-01,-1.210237219929695129e-01,1.825923085212707520e+00
1.508563399314880371e+00,-3.698923885822296143e-01,3.673775494098663330e-01,-8.402811735868453979e-02,8.320856690406799316e-01,-1.322677373886108398e+00,-3.476697504520416260e-01,-5.472826957702636719e-01,1.098307520151138306e-01,-2.157778978347778320e+00
6.024458408355712891e-01,2.776444673538208008e+00,3.637189269065856934e-01,6.548480391502380371e-01,-9.155759811401367188e-01,-1.121778115630149841e-01,5.277922749519348145e-01,-2.020436525344848633e+00,6.442502140998840332e-01,9.770163893699645996e-01
-2.016209602355957031e+00,7.054269909858703613e-01,5.408232212066650391e-01,1.293471336364746094e+00,1.589686393737792969e+00,-9.824131727218627930e-01,1.129992827773094177e-01,-4.018984436988830566e-01,7.226467132568359375e-01,-1.434605956077575684e+00
1.186794757843017578e+00,6.622772216796875000e-01,8.527287840843200684e-01,-7.277604341506958008e-01,5.226104855537414551e-01,8.289679139852523804e-02,6.295904517173767090e-01,1.695282816886901855e+00,2.692678943276405334e-03,8.719549179077148438e-01
-1.420331835746765137e+00,1.451183706521987915e-01,-2.628777742385864258e+00,9.026995301246643066e-01,3.413783386349678040e-02,3.542407751083374023e-01,-2.209390401840209961e-01,4.901509582996368408e-01,-5.419925451278686523e-01,-3.273836672306060791e-01
1.633029818534851074e+00,-4.192310571670532227e-01,6.549516916275024414e-01,5.818556547164916992e-01,1.161592721939086914e+00,-6.659394502639770508e-01,9.555293917655944824e-01,1.097319647669792175e-01,-1.536452293395996094e+00,-2.019545435905456543e-01
-1.507974267005920410e-01,-8.504404425621032715e-01,2.622059583663940430e+00,1.702441334724426270e+00,-1.172328472137451172e+00,2.165332287549972534e-01,-4.106187224388122559e-01,-8.386235833168029785e-01,1.258402824401855469e+00,1.573048233985900879e+00
1.770961880683898926e+00,-2.918293952941894531e+00,-1.767434954643249512e+00,-7.404358386993408203e-01,1.133996725082397461e+00,7.744919061660766602e-01,1.631340146064758301e+00,1.492932677268981934e+00,-3.529549241065979004e-01,2.092775344848632812e+00
1.703147649765014648e+00,-9.758867025375366211e-01,4.539167881011962891e-01,1.535163402557373047e+00,-1.106445074081420898e+00,-1.546269297599792480e+00,1.552452296018600464e-01,1.170160770416259766e-01,1.282634735107421875e+00,9.806789755821228027e-01
-3.205582797527313232e-01,-1.776010990142822266e+00,1.684016942977905273e+00,3.826945126056671143e-01,-3.333386182785034180e+00,2.583545923233032227e+00,1.035362005233764648e+00,-3.829245805740356445e+00,-5.749993324279785156e-01,-1.930647134780883789e+00
-2.388777971267700195e+00,1.450258642435073853e-01,-3.225331306457519531e+00,3.392133116722106934e-01,-3.603910803794860840e-01,-4.587863087654113770e-01,1.636069178581237793e+00,1.781741619110107422e+00,-1.024194121360778809e+00,2.586264312267303467e-01
-4.177449736744165421e-03,1.571778953075408936e-01,9.277071356773376465e-01,-1.568375974893569946e-01,-1.192051291465759277e+00,-1.128939151763916016e+00,1.658720970153808594e-01,1.298168897628784180e+00,-2.086175233125686646e-01,7.714249491691589355e-01
-1.816823601722717285e+00,-1.493230164051055908e-01,-1.699373960494995117e+00,2.646958269178867340e-02,-1.697915643453598022e-01,-5.508855581283569336e-01,7.604448795318603516e-01,-1.213082551956176758e+00,3.263666033744812012e-01,-3.299935579299926758e+00
-1.025389432907104492e+00,-1.013534784317016602e+00,3.441166281700134277e-01,-9.850640892982482910e-01,3.043070793151855469e+00,-1.802279114723205566e+00,-1.794943585991859436e-02,1.245794773101806641e+00,-3.378046154975891113e-01,6.591562628746032715e-01
1.813585311174392700e-01,-7.892509698867797852e-01,1.351408660411834717e-01,1.936532735824584961e+00,7.800207734107971191e-01,-3.193290531635284424e-01,-1.990093886852264404e-01,1.413373231887817383e+00,6.165160536766052246e-01,2.330177545547485352e+00
-1.707635045051574707e+00,3.493667244911193848e-01,1.255286097526550293e+00,6.116905435919761658e-02,2.619754970073699951e-01,-7.103003859519958496e-01,3.209931850433349609e-01,-3.830111324787139893e-01,-1.078576803207397461e+00,2.228062413632869720e-02
7.921785116195678711e-01,3.974527418613433838e-01,5.829288437962532043e-02,-7.252255678176879883e-01,1.194016218185424805e+00,1.094055891036987305e+00,-5.740419030189514160e-01,-5.930060148239135742e-01,4.722210466861724854e-01,1.061120331287384033e-01
4.468193650245666504e-01,7.421280741691589355e-01,-6.699748635292053223e-01,9.546607136726379395e-01,5.229518413543701172e-01,-3.564414262771606445e+00,-4.471249580383300781e-01,-4.316937029361724854e-01,6.125625371932983398e-01,4.120492041110992432e-01
-2.941377162933349609e-01,6.929443217813968658e-03,-1.224728345870971680e+00,3.452174067497253418e-01,3.790587484836578369e-01,-1.738191962242126465e+00,1.511319518089294434e+00,-2.978471755981445312e+00,-6.895042657852172852e-01,6.404519081115722656e-01
9.137678742408752441e-01,-1.294351220130920410e+00,3.142616748809814453e-01,1.472134292125701904e-01,-7.269586920738220215e-01,-3.313469290733337402e-01,2.555428504943847656e+00,-1.390472769737243652e+00,9.013677239418029785e-01,-1.580804586410522461e+00
4.673890173435211182e-01,-1.788796931505203247e-01,8.143051266670227051e-01,1.515489339828491211e+00,2.983851432800292969e-01,3.902798518538475037e-02,1.583563446998596191e+00,7.568950653076171875e-01,1.872624635696411133e+00,-8.434292078018188477e-01
-3.626424968242645264e-01,2.404592514038085938e+00,5.011640787124633789e-01,-4.796427249908447266e+00,8.030771613121032715e-01,1.090225815773010254e+00,-1.111051917076110840e+00,8.034904599189758301e-01,-7.261359095573425293e-01,3.863638043403625488e-01
-1.011570811271667480e+00,7.822278738021850586e-01,1.273860454559326172e+00,1.692963957786560059e+00,4.741988480091094971e-01,1.420349478721618652e+00,-5.973488688468933105e-01,1.954534173011779785e+00,1.449274778366088867e+00,-8.221900463104248047e-01
1.950517416000366211e+00,1.948743820190429688e+00,-4.696825146675109863e-01,5.570170283317565918e-01,-3.291549384593963623e-01,9.137066602706909180e-01,-1.418280959129333496e+00,-3.773168921470642090e-01,-5.597035288810729980e-01,1.672830134630203247e-01
-3.844063758850097656e+00,-4.135592579841613770e-01,1.510553479194641113e+00,1.014807581901550293e+00,1.393376588821411133e-01,2.125877857208251953e+00,-3.359822034835815430e+00,4.660958051681518555e-01,-1.481486797332763672e+00,2.022091627120971680e+00
2.119346857070922852e+00,-4.043905436992645264e-01,3.945249021053314209e-01,-5.036723017692565918e-01,9.111011028289794922e-02,-1.321798712015151978e-01,1.397487819194793701e-01,5.455485582351684570e-01,-4.214346036314964294e-02,5.295915156602859497e-02
1.589997529983520508e+00,-1.931480765342712402e+00,-8.069520592689514160e-01,1.372281193733215332e+00,1.389069437980651855e+00,4.086771011352539062e-01,-1.156408786773681641e+00,-1.326237797737121582e+00,-2.132953405380249023e-01,1.561415791511535645e+00
1.616019845008850098e+00,-4.713498651981353760e-01,2.263305932283401489e-01,8.708213269710540771e-02,-9.373201727867126465e-01,-1.493163108825683594e+00,-4.663040339946746826e-01,7.745283246040344238e-01,2.668496966361999512e-02,4.590479135513305664e-01
-8.330663442611694336e-01,5.952008366584777832e-01,-1.402019858360290527e-01,5.874728560447692871e-01,-3.310237824916839600e-01,-4.219851791858673096e-01,4.240504801273345947e-01,-2.263063043355941772e-01,-7.685369253158569336e-01,2.306361347436904907e-01
-2.637810409069061279e-01,-4.451960027217864990e-01,-2.293002367019653320e+00,1.034178614616394043e+00,-1.728624105453491211e+00,1.127873510122299194e-01,-9.629110097885131836e-01,-2.258344411849975586e+00,-4.234992861747741699e-01,1.280597448348999023e+00
-4.002988040447235107e-01,1.177638411521911621e+00,8.516258746385574341e-02,8.974410295486450195e-01,3.843508958816528320e-01,-1.307689189910888672e+00,-2.589469909667968750e+00,-2.812083251774311066e-02,-1.547921299934387207e+00,-1.680751442909240723e+00
9.263854473829269409e-02,-2.548303902149200439e-01,5.886653065681457520e-01,-2.697772026062011719e+00,-6.473455429077148438e-01,2.147458553314208984e+00,-4.655592739582061768e-01,6.670134663581848145e-01,9.045705944299697876e-02,1.956030607223510742e+00
-9.679364562034606934e-01,6.172375082969665527e-01,-3.209566324949264526e-02,2.446895837783813477e-01,6.281777620315551758e-01,-1.601796984672546387e+00,-2.046598911285400391e+00,7.123299241065979004e-01,3.599771857261657715e-01,-2.309044122695922852e+00
2.359895229339599609e+00,-3.785674571990966797e-01,-8.659042716026306152e-01,-9.033979177474975586e-01,-1.763767004013061523e+00,2.192173004150390625e+00,2.940633334219455719e-02,1.109041213989257812e+00,1.939410902559757233e-02,1.312136888504028320e+00
5.247259140014648438e-01,-1.800479292869567871e-01,-2.147752344608306885e-01,3.117116726934909821e-02,-1.164359927177429199e+00,4.499342143535614014e-01,-2.460788249969482422e+00,-6.313157677650451660e-01,1.606461644172668457e+00,-2.237504243850708008e+00
-1.613125562667846680e+00,3.049943447113037109e-01,2.142021954059600830e-01,-8.515427112579345703e-01,-4.497058987617492676e-01,1.592516899108886719e+00,1.002945661544799805e+00,-9.944851398468017578e-01,5.001779794692993164e-01,-3.829694688320159912e-01
-1.337314844131469727e+00,-1.444388866424560547e+00,-3.138160407543182373e-01,1.448342323303222656e+00,-4.317187368869781494e-01,2.739466354250907898e-02,-3.569140732288360596e-01,-1.349358439445495605e+00,3.143056035041809082e-01,-1.636006683111190796e-01
1.883254289627075195e+00,-1.029430150985717773e+00,3.239963054656982422e-01,-6.611233353614807129e-01,1.603505760431289673e-01,3.947525098919868469e-02,9.631376266479492188e-01,-1.205220103263854980e+00,7.072207927703857422e-01,-5.203027129173278809e-01
-3.468577384948730469e+00,2.214929580688476562e+00,-1.700414299964904785e+00,5.871285200119018555e-01,-4.751920402050018311e-01,2.696581125259399414e+00,-9.030007123947143555e-01,-2.546161890029907227e+00,-1.636868238449096680e+00,1.757164001464843750e+00
1.864716410636901855e-01,-1.415750831365585327e-01,-1.574174761772155762e-01,2.772706151008605957e-01,-7.964124083518981934e-01,9.944675564765930176e-01,8.227548003196716309e-01,-2.200975418090820312e+00,-1.359479427337646484e+00,-7.882657051086425781e-01
-1.764745235443115234e+00,-6.717643141746520996e-01,6.658443808555603027e-01,1.473491489887237549e-01,-3.653687238693237305e-01,9.337385296821594238e-01,-8.826281428337097168e-01,-1.118170619010925293e+00,2.052618026733398438e+00,1.127830624580383301e+00
6.239548921585083008e-01,-3.942015171051025391e-01,-1.964147925376892090e+00,7.904060184955596924e-02,1.052888184785842896e-01,2.311727523803710938e+00,-3.835735619068145752e-01,7.160766720771789551e-01,2.937013506889343262e-01,2.046671152114868164e+00
5.063150078058242798e-02,-3.189289197325706482e-02,8.615732789039611816e-01,-5.786608457565307617e-01,1.474997758865356445e+00,3.118895292282104492e-01,9.917687177658081055e-01,-9.040635228157043457e-01,-8.699932098388671875e-01,-1.093044519424438477e+00
-3.138754367828369141e-01,6.161798834800720215e-01,-1.070193529129028320e+00,-1.392713427543640137e+00,1.481018543243408203e+00,-4.107101261615753174e-01,8.789194226264953613e-01,-1.999090671539306641e+00,1.270262837409973145e+00,2.039407730102539062e+00
4.327773451805114746e-01,8.812824487686157227e-01,1.312065869569778442e-01,-3.262253284454345703e+00,9.630341827869415283e-02,-1.258555293083190918e+00,-2.733864307403564453e+00,6.510552763938903809e-01,-3.494694232940673828e+00,2.373417139053344727e+00
-3.239184916019439697e-01,1.699926137924194336e+00,-2.520532310009002686e-01,2.018523931503295898e+00,-5.212577581405639648e-01,-2.386024296283721924e-01,8.126410841941833496e-01,7.031491398811340332e-01,-1.360036253929138184e+00,-7.700128555297851562e-01
8.078694939613342285e-01,-6.388143897056579590e-01,-1.368085980415344238e+00,-1.982864364981651306e-02,-1.948638111352920532e-01,8.307672739028930664e-01,-2.255034744739532471e-01,-1.807262063026428223e+00,-8.396663069725036621e-01,8.374972343444824219e-01
2.032958269119262695e+00,-1.090209603309631348e+00,2.062927007675170898e+00,-1.304110046476125717e-03,-8.670722842216491699e-01,-5.965206623077392578e-01,3.003260374069213867e+00,-1.650678634643554688e+00,6.915045529603958130e-02,2.222370356321334839e-01
1.398472666740417480e+00,-4.635421752929687500e+00,3.095313906669616699e-01,-1.215848684310913086e+00,4.597124457359313965e-01,-1.355173826217651367e+00,3.117175400257110596e-01,1.014100909233093262e+00,-1.573073625564575195e+00,-3.325881063938140869e-01
5.207453966140747070e-01,-7.194603085517883301e-01,-7.013199925422668457e-01,-3.133341789245605469e+00,6.034188866615295410e-01,2.871459245681762695e+00,1.283071756362915039e+00,-1.130974531173706055e+00,1.432210505008697510e-01,3.680196106433868408e-01
1.760350346565246582e+00,-1.750816226005554199e+00,-1.430413961410522461e+00,1.447294712066650391e+00,-1.565097689628601074e+00,6.909521818161010742e-01,-7.043235898017883301e-01,-1.854371428489685059e+00,2.712108194828033447e-01,1.265421628952026367e+00
-1.046583533287048340e+00,1.149057984352111816e+00,1.566662907600402832e+00,-2.097826242446899414e+00,-2.411729812622070312e+00,-2.496255636215209961e+00,1.711966991424560547e-01,-1.324112653732299805e+00,-2.753757238388061523e+00,-1.090678811073303223e+00
-1.098541244864463806e-01,5.521304607391357422e-01,-7.800940275192260742e-01,1.682589650154113770e+00,-1.678155899047851562e+00,1.160212874412536621e+00,-4.141451120376586914e-01,1.120431661605834961e+00,2.206855773925781250e+00,7.983083128929138184e-01
-3.196168899536132812e+00,-4.330797791481018066e-01,-2.686002969741821289e+00,1.874994635581970215e-01,1.571709066629409790e-01,5.959506630897521973e-01,1.868466734886169434e-01,7.269930839538574219e-01,-1.549904465675354004e+00,-3.916890323162078857e-01
-3.375439047813415527e-01,-9.686112999916076660e-01,-1.606338262557983398e+00,-9.861930608749389648e-01,-2.515796720981597900e-01,1.710720181465148926e+00,-9.422829151153564453e-01,1.142941474914550781e+00,1.249291181564331055e+00,1.275352716445922852e+00
-1.038000464439392090e+00,-6.085304021835327148e-01,3.285421431064605713e-01,-1.551614403724670410e-01,1.544569134712219238e+00,-1.299541234970092773e+00,-3.521524965763092041e-01,2.003275007009506226e-01,-1.658014178276062012e+00,1.148173213005065918e+00
8.853231072425842285e-01,2.638653516769409180e-01,1.769141316413879395e+00,1.014279484748840332e+00,6.040868163108825684e-02,-3.716160776093602180e-03,-3.561430692672729492e+00,-2.485310584306716919e-01,1.288467198610305786e-01,-9.862055182456970215e-01
4.309261739253997803e-01,1.057783246040344238e+00,3.451432287693023682e-01,-4.302095770835876465e-01,-1.776768088340759277e+00,-1.732313871383666992e+00,3.518603444099426270e-01,4.925554394721984863e-01,-1.543687433004379272e-01,-5.168129801750183105e-01
-6.443926692008972168e-01,-6.759670972824096680e-01,-7.691203802824020386e-02,-6.184176802635192871e-01,-1.565719962120056152e+00,1.948710680007934570e+00,-8.951554894447326660e-01,1.287430167198181152e+00,4.654486775398254395e-01,-1.964203417301177979e-01
-1.508425235748291016e+00,-8.164832592010498047e-01,2.023608982563018799e-01,-1.862289786338806152e+00,-1.110716462135314941e+00,7.267165780067443848e-01,1.313868522644042969e+00,4.462252557277679443e-01,-1.238126039505004883e+00,9.636413305997848511e-02
-7.882543802261352539e-01,-1.121233940124511719e+00,-2.205221056938171387e-01,2.546103596687316895e-01,-1.721896231174468994e-01,1.111044764518737793e+00,1.158305048942565918e+00,6.065589785575866699e-01,9.062328338623046875e-01,1.491790294647216797e+00
-6.868556737899780273e-01,-5.098909735679626465e-01,-1.528741121292114258e+00,-1.746819734573364258e+00,3.063179254531860352e+00,2.736564636230468750e+00,-1.663395404815673828e+00,-3.130560219287872314e-01,-7.590137720108032227e-01,-1.767136454582214355e+00
5.046009421348571777e-01,-1.084188818931579590e+00,-4.537091553211212158e-01,5.352797731757164001e-02,1.060482487082481384e-02,4.004840552806854248e-02,4.057332277297973633e-01,-1.931368231773376465e+00,9.496264457702636719e-01,7.586418390274047852e-01
2.114575505256652832e-01,-4.567473754286766052e-02,-8.425662517547607422e-01,2.298587560653686523e+00,4.224807024002075195e-01,3.127192854881286621e-01,8.578343391418457031e-01,-1.492456436157226562e+00,-3.350714147090911865e-01,1.088388681411743164e+00
-9.887115955352783203e-01,-1.161394238471984863e+00,-1.498333364725112915e-01,-2.126424551010131836e+00,1.227480247616767883e-01,-7.886320948600769043e-01,4.321535229682922363e-01,2.492799758911132812e+00,1.278096556663513184e+00,-7.206723093986511230e-01
-7.879369854927062988e-01,-1.284950524568557739e-01,-6.382585167884826660e-01,1.279137969017028809e+00,1.840348094701766968e-01,1.468044877052307129e+00,-1.253969192504882812e+00,-2.373053729534149170e-01,6.963924169540405273e-01,-1.877552121877670288e-01
4.751814603805541992e-01,-1.021452024579048157e-01,-2.468545176088809967e-02,1.371485233306884766e+00,-1.850594520568847656e+00,7.590720057487487793e-01,-9.854738712310791016e-01,2.049764633178710938e+00,3.868185281753540039e-01,1.742261052131652832e-01
9.413521289825439453e-01,8.100828528404235840e-01,1.684367775917053223e+00,1.436322569847106934e+00,-2.837077081203460693e-01,7.313582897186279297e-01,-1.699996352195739746e+00,1.462982773780822754e+00,2.135887622833251953e+00,-3.782577216625213623e-01
5.794912576675415039e-01,-1.833964824676513672e+00,1.844685673713684082e+00,-1.849092125892639160e+00,-7.191374301910400391e-01,-7.714745402336120605e-01,-1.934492230415344238e+00,2.157451629638671875e+00,8.482286334037780762e-01,1.661607146263122559e+00
-7.943469882011413574e-01,-2.344355285167694092e-01,7.961890101432800293e-01,-2.174861133098602295e-01,-8.297222852706909180e-01,-1.082771494984626770e-01,1.745553016662597656e+00,-7.501898407936096191e-01,-7.143978960812091827e-03,-2.072052717208862305e+00
-3.501716375350952148e+00,-3.230603039264678955e-01,-1.320813179016113281e+00,9.231814742088317871e-01,9.826813340187072754e-01,2.662890255451202393e-01,-3.175446987152099609e+00,-4.613003507256507874e-02,-1.860676527023315430e+00,1.379986763000488281e+00
8.606810122728347778e-02,2.362454414367675781e+00,2.183640241622924805e+00,-6.731489896774291992e-01,7.091578841209411621e-01,-1.879776954650878906e+00,1.379599273204803467e-01,-1.917187333106994629e+00,1.099705457687377930e+00,4.659447968006134033e-01
1.222895622253417969e+00,1.206928491592407227e+00,1.341761708259582520e+00,-1.715560436248779297e+00,5.021618604660034180e-01,-7.995334863662719727e-01,1.310056924819946289e+00,-3.012455403804779053e-01,-1.114151239395141602e+00,9.691989421844482422e-01
1.505123138427734375e+00,-5.960984826087951660e-01,-2.748897790908813477e+00,-2.193252801895141602e+00,1.316125094890594482e-01,1.055540800094604492e+00,1.714776635169982910e+00,-1.215745925903320312e+00,5.992949008941650391e-01,-3.730438053607940674e-01
5.853620171546936035e-01,4.505137205123901367e-01,3.410750627517700195e-01,1.141731858253479004e+00,-1.450548887252807617e+00,-1.694241285324096680e+00,1.307986617088317871e+00,2.671297788619995117e-01,4.523062109947204590e-01,-1.406159520149230957e+00
-8.917744755744934082e-01,1.262375712394714355e-01,-1.405052185058593750e+00,7.625311613082885742e-01,6.839547157287597656e-01,4.029434323310852051e-01,-4.620829820632934570e-01,5.279655456542968750e-01,-2.144955396652221680e+00,7.602219581604003906e-01
1.258534550666809082e+00,4.129007160663604736e-01,-1.878552556037902832e+00,-6.769409179687500000e-01,-3.641071081161499023e+00,1.084874153137207031e+00,2.866412162780761719e+00,-7.118607759475708008e-01,2.165946923196315765e-02,-9.101395010948181152e-01
-3.143652677536010742e+00,-2.657909989356994629e-01,2.039623737335205078e+00,6.360135078430175781e-01,-1.875136494636535645e-01,1.234397172927856445e+00,5.996759235858917236e-02,2.613029479980468750e+00,-1.435645580291748047e+00,-2.702299118041992188e+00
-3.893380403518676758e+00,-6.744542121887207031e-01,5.808289051055908203e-01,4.062908589839935303e-01,-2.220421552658081055e+00,3.847606182098388672e-01,-1.686384320259094238e+00,-2.242930889129638672e+00,8.953139185905456543e-01,-1.600929617881774902e+00
-2.606079280376434326e-01,3.331876099109649658e-01,2.030336618423461914e+00,4.206482172012329102e-01,-2.058105945587158203e+00,1.356653094291687012e+00,-9.672802090644836426e-01,5.947676897048950195e-01,-1.304600596427917480e+00,-2.429251194000244141e+00
3.124137520790100098e-01,-1.814056396484375000e+00,1.603181809186935425e-01,-4.244747757911682129e-01,6.014630571007728577e-02,-1.326431870460510254e+00,1.779211282730102539e+00,-1.498362421989440918e+00,-2.897780835628509521e-01,-5.927507877349853516e-01
-2.262932062149047852e+00,-8.366588503122329712e-02,1.650300264358520508e+00,2.065071105957031250e+00,-1.080309867858886719e+00,3.416499197483062744e-01,-3.352500677108764648e+00,-1.060644745826721191e+00,-2.516748666763305664e+00,-5.816867202520370483e-02
-1.064737558364868164e+00,3.524548709392547607e-01,4.912470281124114990e-01,-3.282502666115760803e-02,-5.394738912582397461e-01,-7.299379706382751465e-01,-6.613776683807373047e-01,-2.668389320373535156e+00,2.703210711479187012e-01,-9.198197722434997559e-01
2.685891866683959961e+00,1.143444418907165527e+00,-1.806132793426513672e+00,-2.824399471282958984e+00,1.000428318977355957e+00,1.494805812835693359e-01,9.631699919700622559e-01,-6.089532971382141113e-01,4.876248538494110107e-01,4.094598293304443359e-01
-8.654977083206176758e-01,-5.530030652880668640e-02,1.269357800483703613e+00,-4.066096842288970947e-01,4.569508135318756104e-02,4.747419953346252441e-01,-2.981074810028076172e+00,4.609413743019104004e-01,-2.299567937850952148e+00,4.627051055431365967e-01
1.332947492599487305e+00,3.806379139423370361e-01,2.180338859558105469e+00,-6.768826842308044434e-01,-8.052627444267272949e-01,-8.669960312545299530e-03,-1.141399815678596497e-01,8.316844105720520020e-01,-7.520006895065307617e-01,1.301764249801635742e+00
-3.564540147781372070e-01,1.259232401847839355e+00,3.492814004421234131e-01,1.331054717302322388e-01,1.274926304817199707e+00,-4.684932529926300049e-01,-1.048802495002746582e+00,-1.289667367935180664e+00,-1.328485727310180664e+00,-5.367208123207092285e-01
-2.945506274700164795e-01,-1.073791980743408203e+00,1.300800442695617676e+00,-2.985625028610229492e+00,-1.219972223043441772e-02,-3.553251922130584717e-01,1.326894164085388184e-01,2.286390066146850586e+00,-3.682651042938232422e+00,2.174295186996459961e+00
7.357674092054367065e-02,-1.911011457443237305e+00,1.124197483062744141e+00,-1.366598367691040039e+00,2.280830621719360352e+00,-7.515544295310974121e-01,6.656213402748107910e-01,2.232005357742309570e+00,-5.826117992401123047e-01,-2.356396615505218506e-01
-1.724969983100891113e+00,1.359480023384094238e-01,-2.345997810363769531e+00,-9.043256938457489014e-02,7.885575294494628906e-01,1.665619313716888428e-01,-3.848073482513427734e-01,1.167345404624938965e+00,-6.053057312965393066e-01,9.145238399505615234e-01
2.239972501993179321e-01,-1.856843471527099609e+00,1.246630191802978516e+00,-1.160262227058410645e+00,1.817188039422035217e-02,-1.769751787185668945e+00,2.455014705657958984e+00,-2.086765050888061523e+00,1.555413603782653809e-01,1.035512804985046387e+00
3.337600827217102051e-02,1.973948329687118530e-01,-1.891906142234802246e+00,-4.909772574901580811e-01,8.326401710510253906e-01,-1.836152523756027222e-01,1.443874835968017578e+00,7.979289293289184570e-01,-1.877222418785095215e+00,2.451530933380126953e+00
-4.027946591377258301e-01,-3.089836239814758301e-01,1.556679248809814453e+00,1.326189875602722168e+00,-1.724090099334716797e+00,2.320011854171752930e+00,-6.835311651229858398e-01,6.962056756019592285e-01,-2.313991546630859375e+00,1.093724370002746582e+00
1.605962753295898438e+00,1.880578041076660156e+00,-1.078860282897949219e+00,-3.324617445468902588e-01,7.733377069234848022e-02,-1.054057478904724121e+00,1.755016565322875977e+00,-1.576999127864837646e-01,-6.087434291839599609e-01,-2.433776855468750000e-01
1.181276440620422363e+00,-1.935034275054931641e+00,2.839529812335968018e-01,-3.964353799819946289e-01,1.739276945590972900e-01,6.192400455474853516e-01,6.564750075340270996e-01,-9.433735609054565430e-01,-1.491904973983764648e+00,-6.224373579025268555e-01
1.086109042167663574e+00,2.806480169296264648e+00,1.191019296646118164e+00,1.330535858869552612e-01,-2.112215995788574219e+00,-1.873465538024902344e+00,1.409096956253051758e+00,2.471993684768676758e+00,-2.142549991607666016e+00,-4.733644008636474609e+00
-1.627865582704544067e-01,7.164667248725891113e-01,1.856401920318603516e+00,5.709969401359558105e-01,-2.566152811050415039e-01,7.963296771049499512e-01,2.228345572948455811e-01,-9.293750524520874023e-01,-2.333309173583984375e+00,-8.933710455894470215e-01
-2.357510089874267578e+00,-2.922315359115600586e+00,-3.682432770729064941e-01,1.037172317504882812e+00,2.036711215972900391e+00,4.326727390289306641e+00,-1.224375844001770020e+00,1.421834349632263184e+00,-1.308490753173828125e+00,-2.445650577545166016e+00
7.278909087181091309e-01,-5.075375735759735107e-02,1.165460467338562012e+00,-7.497254610061645508e-01,6.763839125633239746e-01,1.804601401090621948e-01,-1.778060197830200195e+00,-4.979554116725921631e-01,6.095879673957824707e-01,7.901762723922729492e-01
-5.395068526268005371e-01,-2.247963190078735352e+00,-1.118054464459419250e-01,1.332477927207946777e+00,-2.063105821609497070e+00,-9.978152513504028320e-01,2.317623049020767212e-01,-3.194187283515930176e-01,1.086763858795166016e+00,5.775232333689928055e-03
1.426862835884094238e+00,-2.482886075973510742e+00,1.967433810234069824e+00,-5.136153697967529297e-01,1.435868859291076660e+00,4.798212647438049316e-01,-2.540926635265350342e-01,-9.880865812301635742e-01,1.026190519332885742e+00,2.770857214927673340e-01
7.357533574104309082e-01,1.593539834022521973e+00,2.280611515045166016e+00,-2.164209127426147461e+00,-2.237977504730224609e+00,-4.830570220947265625e-01,-1.120487570762634277e+00,-2.769724465906620026e-02,-2.150180101394653320e+00,-1.064564138650894165e-01
4.602880477905273438e-01,-9.820526242256164551e-01,-4.290290355682373047e+00,-3.183256387710571289e+00,1.516954183578491211e+00,-1.210647448897361755e-01,1.608216643333435059e+00,1.057841300964355469e+00,-1.202502369880676270e+00,-4.188891887664794922e+00
-4.426834285259246826e-01,5.126709461212158203e+00,-1.001209914684295654e-01,-2.646274566650390625e+00,1.109233498573303223e+00,-3.809852302074432373e-01,-1.985547304153442383e+00,-1.136455684900283813e-01,-1.457115173339843750e+00,2.248095989227294922e+00
-4.966810941696166992e-01,-1.184345483779907227e+00,-1.174717426300048828e+00,-1.017270088195800781e+00,-1.130720138549804688e+00,7.547398805618286133e-01,1.327523827552795410e+00,1.041635036468505859e+00,-2.953612506389617920e-01,6.659380346536636353e-02
9.833604693412780762e-01,-5.571229457855224609e-01,-1.141317725181579590e+00,1.715902090072631836e+00,9.360225796699523926e-01,-3.633911609649658203e-01,1.029827818274497986e-01,-4.084939360618591309e-01,-1.318969368934631348e+00,-9.627549648284912109e-01
-1.532663702964782715e+00,1.110031127929687500e+00,2.226549834012985229e-01,-8.664871454238891602e-01,8.826156854629516602e-01,-7.468760609626770020e-01,-1.005186796188354492e+00,-1.408979773521423340e+00,7.747992873191833496e-01,1.376654863357543945e+00
2.779564619064331055e+00,4.538557231426239014e-01,-3.212714940309524536e-02,-3.595607757568359375e+00,-8.164207339286804199e-01,-1.747829675674438477e+00,1.781307339668273926e+00,-1.467511057853698730e+00,2.167831420898437500e+00,-2.937603473663330078e+00
-1.388696670532226562e+00,6.290909647941589355e-01,8.362318873405456543e-01,-7.519690692424774170e-02,9.434987902641296387e-01,2.972774267196655273e+00,-1.805259943008422852e+00,-7.826649546623229980e-01,2.195145368576049805e+00,1.516441702842712402e+00
8.865158557891845703e-01,-1.484403014183044434e-01,2.415611594915390015e-01,-1.959279775619506836e+00,-1.469415307044982910e+00,1.771370470523834229e-01,1.620984077453613281e-01,-2.037635564804077148e+00,-2.964689135551452637e-01,7.137368917465209961e-01
-4.652537032961845398e-02,5.887854844331741333e-02,-5.571540817618370056e-02,8.709003031253814697e-02,-1.546256303787231445e+00,1.748628139495849609e+00,-2.394373416900634766e+00,-1.633253097534179688e-01,-1.922680139541625977e+00,-9.844313263893127441e-01
-6.671544313430786133e-01,-2.031773805618286133e+00,-4.532892256975173950e-02,-2.608405828475952148e+00,-7.103499770164489746e-01,-1.242910146713256836e+00,-1.322262525558471680e+00,-3.770169019699096680e-01,-1.250526309013366699e+00,2.478130340576171875e+00
2.058295249938964844e+00,-2.123301982879638672e+00,1.200181722640991211e+00,8.340129256248474121e-01,-1.739573240280151367e+00,9.958282113075256348e-01,5.173220038414001465e-01,-2.665352344512939453e+00,2.137665510177612305e+00,-2.398508787155151367e-01
3.153067529201507568e-01,1.553645014762878418e+00,2.273630380630493164e+00,9.451471567153930664e-01,5.465374588966369629e-01,-2.423221468925476074e-01,-1.071738719940185547e+00,2.006947994232177734e+00,1.845205903053283691e+00,-5.168547034263610840e-01
-1.342310428619384766e+00,-1.371882557868957520e+00,-3.495235741138458252e-01,1.627561330795288086e+00,1.052559971809387207e+00,-3.349428474903106689e-01,-3.886693418025970459e-01,1.518372297286987305e+00,-1.009974718093872070e+00,-9.947085380554199219e-01
-8.933413624763488770e-01,6.816393733024597168e-01,-4.255997240543365479e-01,-7.590978741645812988e-01,-2.408964157104492188e+00,1.659216284751892090e+00,1.858900934457778931e-01,1.214950561523437500e+00,3.239903211593627930e+00,-1.187847614288330078e+00
-1.337416172027587891e+00,2.127557247877120972e-02,-4.664121568202972412e-01,2.024366110563278198e-01,-9.370157718658447266e-01,2.147635221481323242e-01,1.398938298225402832e-01,-1.257197707891464233e-01,5.585271716117858887e-01,1.772251605987548828e+00
-1.680163860321044922e+00,-5.551888346672058105e-01,-2.206734418869018555e-01,1.026689633727073669e-01,1.555737406015396118e-01,-9.762096405029296875e-01,3.705814480781555176e-01,-1.529825448989868164e+00,9.750373959541320801e-01,2.270633220672607422e+00
1.303735494613647461e+00,1.879219293594360352e+00,-1.117590904235839844e+00,-6.670904755592346191e-01,6.309877038002014160e-01,8.694658875465393066e-01,8.996969461441040039e-01,1.508311390876770020e+00,-6.241744160652160645e-01,-1.901731967926025391e+00
6.284598112106323242e-01,-5.766593217849731445e-01,9.445446729660034180e-01,5.430566668510437012e-01,1.133861660957336426e+00,8.329273462295532227e-01,1.430857300758361816e+00,1.798086643218994141e+00,-1.798956990242004395e+00,-4.800244271755218506e-01
-1.387994885444641113e+00,8.533056378364562988e-01,-1.048570156097412109e+00,1.118386030197143555e+00,4.986956119537353516e-01,9.645163416862487793e-01,-1.024290442466735840e+00,8.353951573371887207e-01,6.746612489223480225e-03,-7.992941737174987793e-01
1.349877715110778809e+00,1.185920238494873047e+00,-2.072116613388061523e+00,-5.538234114646911621e-01,2.545180082321166992e+00,1.903105229139328003e-01,1.593083858489990234e+00,-4.658427238464355469e-01,-2.250184565782546997e-01,-3.809068918228149414e+00
-5.982500910758972168e-01,8.717054724693298340e-01,3.585991144180297852e+00,8.288906216621398926e-01,-5.646888613700866699e-01,7.008966803550720215e-01,1.708805203437805176e+00,1.906307101249694824e+00,-1.524383544921875000e+00,-2.348442792892456055e+00
-1.032865881919860840e+00,2.542410135269165039e+00,-2.061279058456420898e+00,-3.469215631484985352e-01,2.279801607131958008e+00,-2.341629981994628906e+00,-1.482404470443725586e+00,-1.776101738214492798e-01,-2.911642313003540039e+00,-9.009517431259155273e-01
-5.176444053649902344e-01,6.250353455543518066e-01,4.349799156188964844e-01,1.234449744224548340e+00,-5.317140221595764160e-01,1.007347226142883301e+00,-9.687548279762268066e-01,9.573650360107421875e-01,5.851332545280456543e-01,1.781532406806945801e+00
-6.843253374099731445e-01,6.444035768508911133e-01,8.891624212265014648e-02,2.897199094295501709e-01,-6.785076856613159180e-01,6.541336327791213989e-02,-3.135143220424652100e-02,-2.318264842033386230e-01,-1.091408014297485352e+00,-1.441050410270690918e+00
-1.364457249641418457e+00,2.498762607574462891e+00,1.788334488868713379e+00,1.442656397819519043e+00,2.189099341630935669e-01,-1.709078907966613770e+00,-1.170372366905212402e+00,3.142363548278808594e+00,-6.769406795501708984e-01,-3.469104766845703125e+00
-9.125805497169494629e-01,1.544419288635253906e+00,5.359620451927185059e-01,1.591486573219299316e+00,-3.900784015655517578e+00,1.311329007148742676e+00,-9.575308561325073242e-01,-1.220268130302429199e+00,-9.860026240348815918e-01,-2.113972187042236328e+00
-4.786541461944580078e-01,1.687179684638977051e+00,-2.649181783199310303e-01,2.058139085769653320e+00,3.535418808460235596e-01,8.750227093696594238e-01,-2.142565727233886719e+00,9.859471917152404785e-01,2.722470164299011230e-01,-4.143276214599609375e-01
6.623062491416931152e-01,-1.631037473678588867e+00,3.442364215850830078e+00,-1.633601307868957520e+00,9.233158230781555176e-01,-1.280162483453750610e-01,-6.968015432357788086e-01,7.367585599422454834e-02,-8.059858083724975586e-01,1.900560855865478516e+00
4.223504662513732910e-02,3.019949495792388916e-01,-1.726942658424377441e+00,-3.035089559853076935e-02,2.608543634414672852e+00,-8.114725947380065918e-01,-1.017570734024047852e+00,3.101929664611816406e+00,2.972588539123535156e-01,-1.321054935455322266e+00
6.249763965606689453e-01,-1.418398618698120117e+00,1.315456986427307129e+00,-2.262150526046752930e+00,-2.478159427642822266e+00,-1.031770825386047363e+00,-8.473883271217346191e-01,9.360211342573165894e-02,3.924467861652374268e-01,1.645303517580032349e-01
-8.282114267349243164e-01,-5.632092952728271484e-01,4.452570974826812744e-01,-3.217039406299591064e-01,-9.386944770812988281e-01,2.514549970626831055e+00,7.448533177375793457e-01,-1.084296107292175293e+00,3.169611454010009766e+00,7.424349188804626465e-01
1.334996938705444336e+00,-1.353733777999877930e+00,-1.818331003189086914e+00,1.833340674638748169e-01,-9.983381628990173340e-01,-4.301885664463043213e-01,-1.873391717672348022e-01,6.702485680580139160e-01,-1.948156118392944336e+00,-1.040861845016479492e+00
-2.760327816009521484e+00,-6.302654147148132324e-01,-7.028747797012329102e-01,7.434882521629333496e-01,9.871998429298400879e-01,8.157091736793518066e-01,6.777404546737670898e-01,6.062706112861633301e-01,-4.989686608314514160e-02,3.254277631640434265e-03
3.122970759868621826e-01,-1.365248709917068481e-01,-2.351386547088623047e+00,1.768885552883148193e-01,2.627768993377685547e+00,2.866105735301971436e-02,-7.029143720865249634e-02,-4.807716012001037598e-01,-4.461350142955780029e-01,9.346839785575866699e-01
3.541847229003906250e+00,6.515222787857055664e-01,2.391402006149291992e+00,-1.109902739524841309e+00,-2.750599384307861328e+00,1.533236503601074219e+00,3.192591905593872070e+00,-1.630112409591674805e+00,5.280324816703796387e-01,-1.460388183593750000e+00
1.139019131660461426e+00,-1.189971566200256348e+00,-1.290233135223388672e+00,-1.369011163711547852e+00,3.418577909469604492e+00,-2.074497461318969727e+00,5.148474574089050293e-01,1.852636933326721191e+00,-2.359760999679565430e+00,-1.596321821212768555e+00
-1.822280764579772949e+00,1.261168837547302246e+00,1.476905941963195801e+00,4.760892093181610107e-01,-1.401010900735855103e-01,8.395872712135314941e-01,1.510359644889831543e+00,-1.346319675445556641e+00,1.024831533432006836e+00,6.101784110069274902e-01
1.789664506912231445e+00,1.238722681999206543e+00,-4.301359653472900391e-01,1.197113513946533203e+00,3.673014938831329346e-01,-1.415867209434509277e-01,1.063895106315612793e+00,1.322471499443054199e+00,-7.911750078201293945e-01,4.959250614047050476e-02
7.852932810783386230e-01,-1.455834269523620605e+00,1.288894414901733398e+00,2.722520530223846436e-01,-6.034016609191894531e-01,-2.447819232940673828e+00,-3.788989782333374023e-01,-1.247114419937133789e+00,1.108089447021484375e+00,-7.135843634605407715e-01
-2.143450975418090820e-01,-1.820663332939147949e+00,1.496889233589172363e+00,6.936388462781906128e-02,2.208182573318481445e+00,-1.978623032569885254e+00,-1.805898904800415039e+00,-4.822769463062286377e-01,-1.618719659745693207e-02,-1.842463016510009766e-01
1.968963027000427246e+00,2.587893307209014893e-01,-2.125079631805419922e+00,-2.181904315948486328e+00,6.540624797344207764e-02,-1.062956213951110840e+00,-6.099632009863853455e-02,1.149822354316711426e+00,-2.523992061614990234e-01,-2.384802818298339844e+00
1.321424990892410278e-01,3.568032085895538330e-01,-2.106747388839721680e+00,-1.466661393642425537e-01,9.078667163848876953e-01,1.845658898353576660e+00,1.383889317512512207e-01,3.288903236389160156e-01,-4.416512846946716309e-01,5.405533909797668457e-01
1.088032245635986328e+00,1.464646697044372559e+00,-9.384394884109497070e-01,-2.961848020553588867e+00,-9.241407513618469238e-01,-8.669624328613281250e-01,9.046821594238281250e-01,-9.036603569984436035e-01,5.826998353004455566e-01,-2.488197535276412964e-01
2.589593172073364258e+00,-8.338157832622528076e-02,7.542473673820495605e-01,-1.786380767822265625e+00,7.618747949600219727e-01,-6.905360147356987000e-03,-8.269822001457214355e-01,1.734991073608398438e+00,-2.313986539840698242e+00,-2.303927689790725708e-01
2.008575946092605591e-02,1.562025189399719238e+00,1.407633423805236816e+00,-3.344322741031646729e-01,-1.450116991996765137e+00,1.455805659294128418e+00,1.339272737503051758e+00,-2.496130913496017456e-01,1.152364253997802734e+00,4.435423612594604492e-01
3.425893783569335938e-01,8.766159415245056152e-01,-3.733661472797393799e-01,-2.675341069698333740e-01,-4.741171002388000488e-01,-1.406268477439880371e+00,2.194955497980117798e-01,3.215039074420928955e-01,5.052465200424194336e-01,-2.133364379405975342e-01
7.349435240030288696e-02,-2.040818929672241211e+00,2.348685979843139648e+00,-2.899718880653381348e-01,-1.212677240371704102e+00,1.780257105827331543e+00,-4.477909803390502930e-01,-3.502804338932037354e-01,-2.245789766311645508e+00,3.476009666919708252e-01
2.266193151473999023e+00,-1.594365000724792480e+00,2.114936113357543945e+00,-2.095224380493164062e+00,-1.691536791622638702e-02,-1.001755833625793457e+00,9.854149818420410156e-01,5.178636908531188965e-01,1.788875222206115723e+00,-1.107855200767517090e+00
-2.628540992736816406e+00,7.304381132125854492e-01,1.128647685050964355e+00,-2.223534435033798218e-01,1.196672081947326660e+00,7.991445660591125488e-01,-1.197930499911308289e-01,-1.179085731506347656e+00,5.241477489471435547e-01,6.566218733787536621e-01
-1.023191571235656738e+00,7.789697647094726562e-01,6.856168508529663086e-01,-6.317878961563110352e-01,-1.896060824394226074e+00,-1.312554955482482910e+00,-1.672287702560424805e+00,2.395482301712036133e+00,-6.354330182075500488e-01,-7.746374011039733887e-01
-2.060315370559692383e+00,2.789376378059387207e-01,3.180979192256927490e-01,1.232848688960075378e-01,8.027950525283813477e-01,-4.827586412429809570e-01,-3.050840497016906738e-01,-1.922675251960754395e+00,5.699821710586547852e-01,1.261925458908081055e+00
-3.825542330741882324e-01,1.269431710243225098e+00,1.608901917934417725e-01,-5.964951515197753906e-01,6.716360449790954590e-01,-6.837512254714965820e-01,1.154264330863952637e+00,-1.032697558403015137e+00,-8.453838527202606201e-02,-1.272918224334716797e+00
-2.196064949035644531e+00,-7.289802432060241699e-01,5.461067557334899902e-01,-9.158713817596435547e-01,2.464574575424194336e-01,-7.900227308273315430e-01,-6.101703643798828125e-01,-2.180351734161376953e+00,3.283454477787017822e-01,1.163978695869445801e+00
-1.067682504653930664e+00,-1.607629299163818359e+00,-1.884147882461547852e+00,-6.866418123245239258e-01,1.083637356758117676e+00,1.719840526580810547e+00,1.467510700225830078e+00,-1.002766728401184082e+00,9.437245130538940430e-01,1.030653595924377441e+00
-2.103191375732421875e+00,-6.254649907350540161e-02,-3.127859354019165039e+00,6.816677451133728027e-01,1.623297691345214844e+00,9.114594459533691406e-01,-6.421903967857360840e-01,-3.839236736297607422e+00,-1.570504665374755859e+00,2.432059288024902344e+00
-2.151322841644287109e+00,-3.227031707763671875e+00,-1.893695592880249023e+00,5.291051864624023438e-01,2.416570186614990234e+00,1.412798315286636353e-01,2.937296219170093536e-02,2.547141790390014648e+00,-1.117896437644958496e+00,1.743182659149169922e+00
7.255657315254211426e-01,-4.850810468196868896e-01,-7.084757089614868164e-01,1.523093283176422119e-01,-5.659620463848114014e-02,9.788265079259872437e-02,1.510181427001953125e+00,7.774628400802612305e-01,7.137650847434997559e-01,-4.902184903621673584e-01
8.405836224555969238e-01,-1.438894420862197876e-01,-9.632286429405212402e-02,-2.861020267009735107e-01,-3.132949769496917725e-01,-9.979783892631530762e-01,2.380707025527954102e+00,1.080447673797607422e+00,6.010739803314208984e-01,9.548318386077880859e-01
1.059135675430297852e+00,-3.500585556030273438e+00,1.897541165351867676e+00,-9.134142100811004639e-02,-2.333403587341308594e+00,1.000781178474426270e+00,1.036613941192626953e+00,4.231382533907890320e-02,-2.092250585556030273e+00,6.773912906646728516e-02
-2.772715985774993896e-01,2.180950939655303955e-01,-5.813463330268859863e-01,-3.645672500133514404e-01,3.021590709686279297e-01,7.424119859933853149e-02,8.246838115155696869e-03,1.639934033155441284e-01,-9.473031968809664249e-04,1.539085656404495239e-01
3.875221014022827148e-01,9.029266983270645142e-02,-4.285712540149688721e-01,1.813770413398742676e+00,-9.487307667732238770e-01,6.700349450111389160e-01,2.546112751588225365e-03,1.213201642036437988e+00,-6.906240433454513550e-02,9.505338668823242188e-01
1.838613450527191162e-01,1.719842433929443359e+00,1.611491203308105469e+00,-4.181221127510070801e-01,1.569396257400512695e+00,-2.714592814445495605e-01,-1.645766496658325195e+00,1.166881084442138672e+00,-1.020156383514404297e+00,1.773053526878356934e+00
-9.127758145332336426e-01,4.095377922058105469e-01,-1.300002336502075195e+00,-8.926177620887756348e-01,4.556548297405242920e-01,3.315918147563934326e-02,1.191115856170654297e+00,9.170458316802978516e-01,3.812380507588386536e-02,-1.723713874816894531e+00
-3.684617877006530762e-01,-1.105838775634765625e+00,-2.716368913650512695e+00,-1.232553124427795410e+00,3.125779926776885986e-01,1.942218542098999023e+00,1.843021214008331299e-01,3.066649436950683594e-01,-9.579132795333862305e-01,9.384361505508422852e-01
2.321914911270141602e+00,-1.722067236900329590e+00,9.553654491901397705e-02,-1.707066655158996582e+00,1.250900030136108398e+00,-3.595356345176696777e-01,-6.077051628381013870e-03,1.553864181041717529e-01,-1.362041950225830078e+00,-5.273118019104003906e-01
5.087558031082153320e-01,-8.175571560859680176e-01,-1.091200470924377441e+00,7.689746618270874023e-01,4.296117424964904785e-01,-1.135897278785705566e+00,-1.886496305465698242e+00,6.738601922988891602e-01,2.338324308395385742e+00,7.064980864524841309e-01
1.042449474334716797e+00,-2.395595908164978027e-01,-1.330666184425354004e+00,1.109309792518615723e+00,1.399205178022384644e-01,2.033943891525268555e+00,-2.065300703048706055e+00,1.576910853385925293e+00,-1.594576597213745117e+00,-1.841944932937622070e+00
-9.833937287330627441e-01,8.142368793487548828e-01,-9.846904277801513672e-01,2.107038497924804688e+00,-1.730891227722167969e+00,-6.355171799659729004e-01,8.731977343559265137e-01,2.119792699813842773e+00,-5.622280240058898926e-01,-7.039656043052673340e-01
1.002624154090881348e+00,1.049468666315078735e-01,1.061166048049926758e+00,1.685930132865905762e+00,6.938729286193847656e-01,-1.857925057411193848e+00,-4.986264705657958984e-01,-2.515035271644592285e-01,-1.616866707801818848e+00,-6.938167810440063477e-01
-5.871406793594360352e-01,2.319403409957885742e+00,-1.340215653181076050e-01,3.116428136825561523e+00,-2.424540996551513672e+00,3.237744867801666260e-01,7.434502243995666504e-02,1.133306622505187988e+00,-3.398897409439086914e+00,-7.593388557434082031e-01
6.893266439437866211e-01,1.066562980413436890e-01,1.489746719598770142e-01,-1.878749847412109375e+00,-2.195996999740600586e+00,-5.196088552474975586e-01,9.068141877651214600e-02,7.807292938232421875e-01,3.152951002120971680e+00,-1.945220708847045898e+00
1.065930724143981934e+00,-1.377751708030700684e+00,1.806010007858276367e-01,2.270195960998535156e+00,2.342663764953613281e+00,2.090154886245727539e+00,1.464038133621215820e+00,3.701755404472351074e-01,4.728445410728454590e-01,-5.255573987960815430e-01
-8.922700881958007812e-01,-8.112157583236694336e-01,1.666811555624008179e-01,6.895045042037963867e-01,8.184280991554260254e-01,-1.824634671211242676e+00,2.824554443359375000e-01,-9.636297821998596191e-01,-5.101056098937988281e-01,5.895130634307861328e-01
4.404336810111999512e-01,2.261702537536621094e+00,7.534510493278503418e-01,-7.749886512756347656e-01,-2.444458484649658203e+00,7.691675424575805664e-01,-2.147703647613525391e+00,-5.641403794288635254e-01,7.506899833679199219e-01,1.586514115333557129e+00
3.422261476516723633e+00,-4.832080602645874023e-01,-3.216453313827514648e+00,-4.948851838707923889e-02,-2.294226408004760742e+00,1.505340218544006348e+00,-3.671532273292541504e-01,1.057466506958007812e+00,-3.869063854217529297e-01,-1.530372858047485352e+00
-9.863796234130859375e-01,-4.980344474315643311e-01,-2.353116750717163086e+00,2.750078737735748291e-01,5.923361778259277344e-01,3.136996030807495117e-01,-6.603190302848815918e-01,-2.497611999511718750e+00,2.662023901939392090e-01,-8.548901081085205078e-01
7.447781562805175781e-01,2.187711000442504883e-01,8.902034163475036621e-01,-1.668390750885009766e+00,2.439145565032958984e+00,-2.083672285079956055e+00,-1.533768773078918457e+00,1.207452178001403809e+00,-3.207700252532958984e+00,-1.037360280752182007e-01
-1.791132211685180664e+00,-1.670194417238235474e-01,5.556923747062683105e-01,1.985044956207275391e+00,-1.767231583595275879e+00,1.348842740058898926e+00,-1.254092097282409668e+00,1.590498805046081543e+00,5.041803121566772461e-01,-5.249062180519104004e-01
-1.432993054389953613e+00,1.313682675361633301e+00,8.944500088691711426e-01,-7.827571779489517212e-02,4.432900846004486084e-01,9.110030531883239746e-01,-7.028804421424865723e-01,4.260045886039733887e-01,1.040850877761840820e+00,-7.666522264480590820e-01
-6.881744265556335449e-01,8.877146244049072266e-01,-5.539638996124267578e-01,-8.643737435340881348e-02,-1.382992506027221680e+00,5.394410490989685059e-01,1.104263305664062500e+00,-4.971715155988931656e-03,8.485543727874755859e-01,3.123274147510528564e-01
-2.838742494583129883e+00,5.510717630386352539e-01,2.568376064300537109e-01,-2.222691476345062256e-01,-1.989349603652954102e+00,1.895444750785827637e+00,-8.360092341899871826e-02,2.117560625076293945e+00,-8.425778150558471680e-02,-3.811981201171875000e+00
-1.339187264442443848e+00,1.059645771980285645e+00,3.907456874847412109e+00,1.357520341873168945e+00,-2.704920768737792969e-01,-2.212008237838745117e+00,5.614160895347595215e-01,5.303478837013244629e-01,-3.940926790237426758e+00,-3.333148717880249023e+00
-2.443652868270874023e+00,1.337817311286926270e+00,1.152418732643127441e+00,-1.263696789741516113e+00,-3.945221006870269775e-01,2.050128579139709473e-01,7.161685824394226074e-01,-1.076979875564575195e+00,4.438426494598388672e-01,-1.528773903846740723e+00
-1.478937625885009766e+00,3.799891769886016846e-01,-3.812597990036010742e-01,-1.979894936084747314e-01,-1.739325046539306641e+00,2.383543729782104492e+00,2.613542079925537109e+00,-7.064740657806396484e-01,3.762521147727966309e-01,-2.777635097503662109e+00
1.716051101684570312e-01,-2.100631445646286011e-01,-3.036749958992004395e-01,-7.616813182830810547e-01,-3.089654684066772461e+00,1.602758169174194336e+00,3.358312845230102539e-01,-1.366348743438720703e+00,-1.524476647377014160e+00,-1.292630434036254883e+00
2.287321805953979492e+00,-2.182858467102050781e+00,2.149165153503417969e+00,5.792472884058952332e-02,1.290869712829589844e-01,-1.934398293495178223e+00,-2.222630739212036133e+00,1.661307930946350098e+00,9.730309844017028809e-01,2.738674640655517578e+00
-2.896537065505981445e+00,2.637580871582031250e+00,-1.166397690773010254e+00,-8.178490996360778809e-01,8.310702443122863770e-01,1.186542391777038574e+00,-6.831084489822387695e-01,-1.492114458233118057e-02,-1.003424763679504395e+00,-4.972994923591613770e-01
1.203487157821655273e+00,1.820461869239807129e+00,-5.195411443710327148e-01,-2.882566452026367188e-01,1.837531805038452148e+00,-1.357112765312194824e+00,2.453905493021011353e-01,-1.205574512481689453e+00,6.412105560302734375e-01,-6.337637901306152344e-01
4.263927936553955078e-01,-5.365669131278991699e-01,2.059012651443481445e+00,-7.481190562248229980e-01,2.813841104507446289e-01,6.988987922668457031e-01,5.941207408905029297e-01,4.513181447982788086e-01,-5.804360866546630859e+00,1.134288191795349121e+00
-1.778061747550964355e+00,-3.466938734054565430e-01,1.474810481071472168e+00,8.538447022438049316e-01,1.890604853630065918e+00,-7.047506570816040039e-01,-3.952314257621765137e-01,-6.198418140411376953e-01,1.016521811485290527e+00,-6.273302435874938965e-01
-3.926442265510559082e-01,-3.915064036846160889e-01,2.078745126724243164e+00,1.534210750833153725e-03,7.970636487007141113e-01,-1.067068338394165039e+00,2.706926822662353516e+00,-6.000941395759582520e-01,7.429321408271789551e-01,-1.148779988288879395e+00
9.078949689865112305e-02,-2.352315485477447510e-01,3.182113170623779297e-01,-5.737851262092590332e-01,7.792684435844421387e-01,-2.082630842924118042e-01,-2.716831266880035400e-01,2.251707077026367188e+00,-4.514251947402954102e-01,-1.375020623207092285e+00
-8.707101345062255859e-01,2.650316059589385986e-01,-2.939655780792236328e-01,-2.571082592010498047e+00,5.716588497161865234e-01,-8.875330686569213867e-01,2.467757165431976318e-01,5.164849758148193359e-01,-2.845755815505981445e-01,5.508761405944824219e-01
-1.284534692764282227e+00,6.848607659339904785e-01,-1.185332179069519043e+00,6.267351508140563965e-01,-4.359539449214935303e-01,2.385752946138381958e-01,-5.516609549522399902e-02,1.237534165382385254e+00,7.982525229454040527e-01,2.140278816223144531e+00
5.024206265807151794e-02,3.119184076786041260e-01,-1.877199411392211914e+00,2.624986886978149414e+00,-2.576272726058959961e+00,-1.328126192092895508e+00,1.487719297409057617e+00,-2.664593458175659180e+00,1.179747581481933594e+00,-1.031838178634643555e+00
-1.079134345054626465e+00,8.160747289657592773e-01,-7.478520870208740234e-01,-1.648529767990112305e+00,-3.429245352745056152e-01,-9.207569956779479980e-01,6.472894549369812012e-01,1.771331131458282471e-01,-2.881238460540771484e-01,7.462438941001892090e-01
1.715947747230529785e+00,4.784094169735908508e-02,2.182865381240844727e+00,-7.720670104026794434e-01,1.956332683563232422e+00,2.257762670516967773e+00,-1.256231665611267090e-01,-9.752188324928283691e-01,6.489561796188354492e-01,3.125464916229248047e-01
